produce_slug,region_slug,season_months,peak_months,source_type,notes,storage_tip
apple,sacramento-valley,"[7, 8, 9, 10, 11]","[8, 9, 10]",local,Northern CA varieties like Gravenstein arrive first in July. Fuji and Granny Smith peak in fall.,Refrigerate in a plastic bag; keeps 1-2 months. Keep away from other produce — apples emit ethylene.
apple,sierra-foothills,"[7, 8, 9, 10, 11]","[8, 9, 10]",local,Northern CA varieties like Gravenstein arrive first in July. Fuji and Granny Smith peak in fall.,Refrigerate in a plastic bag; keeps 1-2 months. Keep away from other produce — apples emit ethylene.
apple,sacramento-valley,"[1, 2, 3, 12]",[],local,Northern CA varieties like Gravenstein arrive first in July. Fuji and Granny Smith peak in fall.,Refrigerate in a plastic bag; keeps 1-2 months. Keep away from other produce — apples emit ethylene.
apple,sierra-foothills,"[1, 2, 3, 12]",[],local,Northern CA varieties like Gravenstein arrive first in July. Fuji and Granny Smith peak in fall.,Refrigerate in a plastic bag; keeps 1-2 months. Keep away from other produce — apples emit ethylene.
apricot,central-valley,"[5, 6, 7]",[6],local,"Blenheim/Royal is THE gold standard — complex sweet-tart, honeysuckle notes, Slow Food Ark of Taste. Season is often just 10 days in late June. Farmers market ONLY. Patterson dominates commercial — bred for machine harvest, not flavor.","Ripen at room temp, then refrigerate. Eat within 2-3 days of ripening."
artichoke,central-coast,"[1, 2, 3, 4, 5, 6]","[3, 4, 5]",local,"Castroville, CA is the artichoke capital of the world. Spring crop is larger and more tender than fall.",Refrigerate unwashed in a plastic bag for up to a week. Sprinkle with water to keep fresh.
artichoke,central-coast,"[9, 10, 11]",[10],local,"Castroville, CA is the artichoke capital of the world. Spring crop is larger and more tender than fall.",Refrigerate unwashed in a plastic bag for up to a week. Sprinkle with water to keep fresh.
arugula,salinas-valley,"[1, 2, 3, 4, 5, 6, 7, 8, 9, 10, 11, 12]","[3, 4, 5]",local,Available year-round in CA but peppery flavor is best in cool weather. Bolts and turns bitter in summer heat.,Wrap in damp paper towel and refrigerate. Best used within 3-4 days.
asian-pear,central-valley,"[8, 9, 10, 11, 12]","[9, 10]",local,"Crisp like an apple, fragrant like a pear. Unlike European pears, these are eaten firm, not soft.",Refrigerate immediately — keeps up to 3 months in the crisper drawer.
asian-pear,sacramento-valley,"[8, 9, 10, 11, 12]","[9, 10]",local,"Crisp like an apple, fragrant like a pear. Unlike European pears, these are eaten firm, not soft.",Refrigerate immediately — keeps up to 3 months in the crisper drawer.
asparagus,central-valley,"[2, 3, 4, 5, 6]","[3, 4, 5]",local,CA Delta and Salinas Valley produce the best domestic asparagus. Thinner spears aren't younger — just from a younger plant.,"Stand upright in a jar of water in the fridge, like flowers. Use within 3 days."
asparagus,imperial-valley,"[2, 3, 4, 5, 6]","[3, 4, 5]",local,CA Delta and Salinas Valley produce the best domestic asparagus. Thinner spears aren't younger — just from a younger plant.,"Stand upright in a jar of water in the fridge, like flowers. Use within 3 days."
asparagus,sinaloa,"[1, 7, 8, 9, 10, 11, 12]","[9, 10, 11]",import,CA Delta and Salinas Valley produce the best domestic asparagus. Thinner spears aren't younger — just from a younger plant.,"Stand upright in a jar of water in the fridge, like flowers. Use within 3 days."
asparagus,peru-coast,"[1, 7, 8, 9, 10, 11, 12]","[9, 10, 11]",import,CA Delta and Salinas Valley produce the best domestic asparagus. Thinner spears aren't younger — just from a younger plant.,"Stand upright in a jar of water in the fridge, like flowers. Use within 3 days."
avocado,san-diego-county,"[2, 3, 4, 5, 6, 7, 8, 9, 10]","[4, 5, 6, 7]",local,"CA Hass in Jun-Aug has 3x the oil/fat content of early-season fruit (6g/oz vs 2g/oz). The richness and creaminess come from fat that accumulates while hanging on the tree. Mexican imports fill shelves year-round.",Ripen at room temp. Speed up in a paper bag with a banana. Refrigerate once ripe for 2-3 days.
avocado,ventura-county,"[2, 3, 4, 5, 6, 7, 8, 9, 10]","[4, 5, 6, 7]",local,"CA Hass in Jun-Aug has 3x the oil/fat content of early-season fruit (6g/oz vs 2g/oz). The richness and creaminess come from fat that accumulates while hanging on the tree. Mexican imports fill shelves year-round.",Ripen at room temp. Speed up in a paper bag with a banana. Refrigerate once ripe for 2-3 days.
avocado,sinaloa,"[1, 2, 3, 4, 5, 6, 7, 8, 9, 10, 11, 12]","[1, 2, 3, 4, 5, 10, 11, 12]",import,"Mexican imports fill shelves year-round, peaking fall through spring. CA Hass in Jun-Aug has 3x the oil/fat content of early-season fruit.",Ripen at room temp. Speed up in a paper bag with a banana. Refrigerate once ripe for 2-3 days.
banana,costa-rica,"[1, 2, 3, 4, 5, 6, 7, 8, 9, 10, 11, 12]",[],import,"Always imported, always available. No meaningful peak — global supply chain keeps shelves stocked.",Room temp until ripe. Separate from the bunch to slow ripening. Fridge turns peel brown but fruit stays good.
banana,ecuador,"[1, 2, 3, 4, 5, 6, 7, 8, 9, 10, 11, 12]",[],import,"Always imported, always available. No meaningful peak — global supply chain keeps shelves stocked.",Room temp until ripe. Separate from the bunch to slow ripening. Fridge turns peel brown but fruit stays good.
beet,central-valley,"[1, 2, 3, 4, 5, 6, 7, 8, 9, 10, 11, 12]","[6, 7, 8, 9, 10]",local,Grown year-round in CA. Golden beets are milder than red. Don't toss the greens — they're delicious sautéed.,Remove greens immediately (they draw moisture). Roots keep 2-3 weeks in the fridge.
beet,salinas-valley,"[1, 2, 3, 4, 5, 6, 7, 8, 9, 10, 11, 12]","[6, 7, 8, 9, 10]",local,Grown year-round in CA. Golden beets are milder than red. Don't toss the greens — they're delicious sautéed.,Remove greens immediately (they draw moisture). Roots keep 2-3 weeks in the fridge.
bell-pepper,central-valley,"[5, 6, 7, 8, 9, 10, 11, 12]","[7, 8, 9]",local,"Red, yellow, and orange are just riper green peppers — sweeter and more nutritious. CA grows huge volumes.",Refrigerate whole and unwashed. Use within a week. Cut peppers last 2-3 days.
bell-pepper,sinaloa,"[1, 2, 3, 4]","[2, 3]",import,"Red, yellow, and orange are just riper green peppers — sweeter and more nutritious. CA grows huge volumes.",Refrigerate whole and unwashed. Use within a week. Cut peppers last 2-3 days.
blackberry,central-coast,"[5, 6, 7, 8, 9]","[6, 7, 8]",local,"Look for plump, deeply colored berries with no red drupelets. Red means underripe and sour.",Don't wash until ready to eat. Refrigerate in a single layer on paper towels. Use within 2-3 days.
blackberry,sinaloa,"[1, 2, 3, 4, 10, 11, 12]","[1, 2, 11, 12]",import,"Look for plump, deeply colored berries with no red drupelets. Red means underripe and sour.",Don't wash until ready to eat. Refrigerate in a single layer on paper towels. Use within 2-3 days.
blood-orange,central-valley,"[1, 2, 3, 4, 12]","[1, 2, 3]",local,Moro variety is the most common in CA — deep burgundy flesh with berry-like overtones. Color varies by cold exposure.,"Room temp for a week, fridge for up to 2 weeks."
blood-orange,socal-coastal,"[1, 2, 3, 4, 12]","[1, 2, 3]",local,Moro variety is the most common in CA — deep burgundy flesh with berry-like overtones. Color varies by cold exposure.,"Room temp for a week, fridge for up to 2 weeks."
blueberry,central-valley,"[4, 5, 6, 7, 8, 9]","[5, 6, 7]",local,CA coastal regions produce excellent berries. The white bloom on blueberries is natural and a sign of freshness.,Refrigerate dry and unwashed. Wash just before eating. Keeps about a week.
blueberry,north-coast,"[4, 5, 6, 7, 8, 9]","[5, 6, 7]",local,CA coastal regions produce excellent berries. The white bloom on blueberries is natural and a sign of freshness.,Refrigerate dry and unwashed. Wash just before eating. Keeps about a week.
blueberry,chile-central,"[11, 12, 1, 2, 3]","[1, 2]",import,Counter-seasonal import. Quality is acceptable.,Refrigerate dry and unwashed. Wash just before eating. Keeps about a week.
blueberry,peru-coast,"[1, 2, 3, 10, 11, 12]","[1, 2, 11, 12]",import,CA coastal regions produce excellent berries. The white bloom on blueberries is natural and a sign of freshness.,Refrigerate dry and unwashed. Wash just before eating. Keeps about a week.
bok-choy,salinas-valley,"[1, 2, 3, 4, 5, 6, 7, 8, 9, 10, 11, 12]","[1, 2, 3, 10, 11, 12]",local,Cool-weather crop that's sweeter after a light frost. Baby bok choy is more tender for quick stir-fries.,Refrigerate in a bag. Use within a week.
broccoli,salinas-valley,"[1, 2, 3, 4, 5, 6, 7, 8, 9, 10, 11, 12]","[1, 2, 3, 4, 10, 11, 12]",local,"CA grows 90%+ of US broccoli, mostly in Salinas Valley and Imperial Valley. Sweetest in cool months.",Refrigerate dry and unwashed. Use within 5 days — yellowing florets mean it's past prime.
broccoli,central-coast,"[1, 2, 3, 4, 5, 6, 7, 8, 9, 10, 11, 12]","[1, 2, 3, 4, 10, 11, 12]",local,"CA grows 90%+ of US broccoli, mostly in Salinas Valley and Imperial Valley. Sweetest in cool months.",Refrigerate dry and unwashed. Use within 5 days — yellowing florets mean it's past prime.
brussels-sprout,central-coast,"[1, 2, 3, 6, 7, 8, 9, 10, 11, 12]","[1, 10, 11, 12]",local,Frost converts starches to sugars — winter sprouts are noticeably sweeter. Smaller ones are more tender.,Refrigerate unwashed on the stalk if possible. Loose sprouts keep about a week.
cabbage,salinas-valley,"[1, 2, 3, 4, 5, 6, 7, 8, 9, 10, 11, 12]","[1, 2, 3, 11, 12]",local,Year-round in CA but best in cool months. Savoy cabbage is more delicate; napa is the go-to for Asian cooking.,"Tightly wrapped in the fridge, cabbage lasts 2+ weeks. Cut surfaces oxidize — use quickly once sliced."
cabbage,central-valley,"[1, 2, 3, 4, 5, 6, 7, 8, 9, 10, 11, 12]","[1, 2, 3, 11, 12]",local,Year-round in CA but best in cool months. Savoy cabbage is more delicate; napa is the go-to for Asian cooking.,"Tightly wrapped in the fridge, cabbage lasts 2+ weeks. Cut surfaces oxidize — use quickly once sliced."
cantaloupe,central-valley,"[4, 5, 6, 7, 8, 9, 10, 11, 12]","[6, 7, 8, 9]",local,San Joaquin Valley is cantaloupe country. Ripe ones have a sweet floral scent at the stem end and a slight give.,"Ripen at room temp. Once ripe, refrigerate and eat within 3 days. Cut melon keeps 2 days covered in fridge."
cantaloupe,imperial-valley,"[4, 5, 6, 7, 8, 9, 10, 11, 12]","[6, 7, 8, 9]",local,San Joaquin Valley is cantaloupe country. Ripe ones have a sweet floral scent at the stem end and a slight give.,"Ripen at room temp. Once ripe, refrigerate and eat within 3 days. Cut melon keeps 2 days covered in fridge."
carrot,central-valley,"[1, 2, 3, 4, 5, 6, 7, 8, 9, 10, 11, 12]","[1, 2, 3, 10, 11, 12]",local,Year-round in CA but cold weather concentrates sugars. Farmers market carrots in winter are a revelation.,Remove greens. Store in a bag in the fridge crisper for 2-3 weeks.
carrot,imperial-valley,"[1, 2, 3, 4, 5, 6, 7, 8, 9, 10, 11, 12]","[1, 2, 3, 10, 11, 12]",local,Year-round in CA but cold weather concentrates sugars. Farmers market carrots in winter are a revelation.,Remove greens. Store in a bag in the fridge crisper for 2-3 weeks.
cauliflower,salinas-valley,"[1, 2, 3, 4, 5, 6, 7, 8, 9, 10, 11, 12]","[1, 2, 3, 4, 10, 11, 12]",local,CA dominates US production. Purple and Romanesco varieties appear at farmers markets fall through spring.,Refrigerate in a loosely sealed bag. Use within a week.
cauliflower,central-coast,"[1, 2, 3, 4, 5, 6, 7, 8, 9, 10, 11, 12]","[1, 2, 3, 4, 10, 11, 12]",local,CA dominates US production. Purple and Romanesco varieties appear at farmers markets fall through spring.,Refrigerate in a loosely sealed bag. Use within a week.
celery,central-valley,"[1, 2, 3, 4, 5, 6, 7, 8, 9, 10, 11, 12]","[1, 2, 3, 4, 10, 11, 12]",local,CA grows most US celery year-round. Inner stalks (the heart) are more tender and less fibrous.,Wrap in aluminum foil and refrigerate — keeps crisp for 2+ weeks.
swiss-chard,salinas-valley,"[1, 2, 3, 4, 5, 6, 7, 8, 9, 10, 11, 12]","[3, 4, 5, 6]",local,Rainbow chard is the same plant in different colors. Stems take longer to cook than leaves — start them first.,Wrap in damp paper towel in the fridge. Use within 5 days.
cherry,central-valley,"[4, 5, 6]","[5, 6]",local,"Bing (late May-early Jun) is THE reference cherry. Rainier has highest sugar — premium pricing. Brooks (mid-Apr) is the earliest good cherry. CA season is only ~6 weeks.","Refrigerate immediately, unwashed, with stems on. Use within a week."
cherry,sacramento-valley,"[4, 5, 6]","[5, 6]",local,"Bing (late May-early Jun) is THE reference cherry. Rainier has highest sugar — premium pricing. Brooks (mid-Apr) is the earliest good cherry. CA season is only ~6 weeks.","Refrigerate immediately, unwashed, with stems on. Use within a week."
cherry,chile-central,"[11, 12, 1, 2]","[12, 1]",import,"Chilean cherries are surprisingly decent — cherries are hardier in cold storage than peaches. Worth buying in winter.","Refrigerate immediately, unwashed, with stems on. Use within a week."
cherimoya,socal-coastal,"[1, 2, 3, 4, 5, 11, 12]","[1, 2, 3, 4]",local,Mark Twain called it the most delicious fruit known to man. Creamy custard texture with banana-pineapple flavor.,Ripen at room temp until slightly soft. Refrigerate once ripe and eat within 2 days.
jalapeno,central-valley,"[5, 6, 7, 8, 9, 10, 11, 12]","[7, 8, 9, 10]",local,"CA grows jalapeños, serranos, Anaheims, and more. Summer heat produces hotter peppers.",Refrigerate in a paper bag for up to 2 weeks. Freeze whole for long-term storage.
jalapeno,sinaloa,"[1, 2, 3, 4]","[1, 2, 3]",import,"CA grows jalapeños, serranos, Anaheims, and more. Summer heat produces hotter peppers.",Refrigerate in a paper bag for up to 2 weeks. Freeze whole for long-term storage.
collard-greens,salinas-valley,"[1, 2, 3, 4, 5, 6, 7, 8, 9, 10, 11, 12]","[1, 2, 3, 11, 12]",local,"Like Brussels sprouts, sweetened by frost. Sturdier than kale — great for braising or as a wrap substitute.",Refrigerate in a damp towel. Keeps about a week.
corn,central-valley,"[5, 6, 7, 8, 9, 10, 11]","[7, 8, 9]",local,Sugar converts to starch rapidly after picking. Same-day corn from a farmers market is a completely different food.,"Eat the day you buy it. If you must store, keep in the husk in the fridge — use within 2 days."
cucumber,central-valley,"[4, 5, 6, 7, 8, 9, 10, 11]","[6, 7, 8, 9]",local,Persian cucumbers from CA are thinner-skinned and more flavorful than standard slicers. No need to peel.,Wrap individually in paper towel and refrigerate. Use within a week.
cucumber,sinaloa,"[10, 11, 12, 1, 2, 3, 4, 5]","[12, 1, 2, 3]",import,Mexican imports fill the gap when CA production slows. Quality is good for slicers and Persians.,Wrap individually in paper towel and refrigerate. Use within a week.
date,coachella-valley,"[1, 2, 3, 9, 10, 11, 12]","[10, 11, 12]",local,Medjool dates from the Coachella Valley are world-class. Fresh dates have a completely different caramel texture than dried.,"Room temp for a month, fridge for 6 months, freezer for a year."
dragon-fruit,costa-rica,"[1, 2, 3, 4, 5, 6, 7, 8, 9, 10, 11, 12]","[6, 7, 8, 9, 10]",import,"Red-fleshed varieties have more flavor than white. Look for bright, evenly colored skin without many brown spots.",Refrigerate ripe fruit for up to 5 days. Cut dragon fruit oxidizes quickly — eat immediately.
dragon-fruit,southeast-asia,"[1, 2, 3, 4, 5, 6, 7, 8, 9, 10, 11, 12]","[6, 7, 8, 9, 10]",import,"Red-fleshed varieties have more flavor than white. Look for bright, evenly colored skin without many brown spots.",Refrigerate ripe fruit for up to 5 days. Cut dragon fruit oxidizes quickly — eat immediately.
eggplant,central-valley,"[5, 6, 7, 8, 9, 10, 11]","[7, 8, 9]",local,Japanese and Chinese varieties are more tender with fewer seeds than globe eggplant. Skin should be taut and glossy.,Room temp if using within 2 days. Refrigerate loosely wrapped for up to a week.
fava-bean,central-coast,"[3, 4, 5, 6]","[4, 5]",local,"A spring farmers market staple. Double-shelling is tedious but worth it — blanch, then pop beans from their skins.",Refrigerate in pods. Use within a few days — they toughen quickly.
fava-bean,central-valley,"[3, 4, 5, 6]","[4, 5]",local,"A spring farmers market staple. Double-shelling is tedious but worth it — blanch, then pop beans from their skins.",Refrigerate in pods. Use within a few days — they toughen quickly.
fennel,central-coast,"[1, 2, 3, 4, 5, 10, 11, 12]","[1, 2, 3, 11, 12]",local,Anise flavor mellows dramatically when roasted. The fronds make an excellent garnish or salad addition.,Refrigerate wrapped in a damp towel. Keeps about a week.
fig,central-valley,"[6, 7, 8, 9, 10]","[8, 9]",local,"Two crops: a small breba crop in June, then the main crop Aug–Sept. Black Mission and Kadota are CA classics.",Extremely perishable. Eat within 1-2 days. Handle gently — bruises quickly.
garlic,central-valley,"[1, 2, 3, 4, 5, 6, 7, 8, 9, 10, 11, 12]","[6, 7, 8, 9]",local,Green garlic appears at farmers markets in spring. Fresh-harvest garlic in summer is juicier and milder than stored.,"Store whole bulbs in a cool, dry, dark place. Good for months. Don't refrigerate."
grapefruit,coachella-valley,"[1, 2, 3, 4, 5, 6, 11, 12]","[1, 2, 3, 4]",local,CA Oro Blanco is sweeter and less bitter than standard varieties. Heavier fruit = juicier fruit.,"Room temp for a week, fridge for 2-3 weeks."
grapefruit,socal-coastal,"[1, 2, 3, 4, 5, 6, 11, 12]","[1, 2, 3, 4]",local,CA Oro Blanco is sweeter and less bitter than standard varieties. Heavier fruit = juicier fruit.,"Room temp for a week, fridge for 2-3 weeks."
grape,central-valley,"[5, 6, 7, 8, 9, 10, 11, 12, 1]","[7, 8, 9, 10]",local,CA produces 99% of US table grapes. New seedless varieties like Cotton Candy have transformed the category. Late-season Autumn Royal extends into January.,Refrigerate unwashed in a ventilated bag. Wash just before eating.
grape,chile-central,"[1, 2, 3, 4, 5, 12]","[1, 2, 3]",import,CA produces 99% of US table grapes. New seedless varieties like Cotton Candy have transformed the category.,Refrigerate unwashed in a ventilated bag. Wash just before eating.
green-bean,central-valley,"[4, 5, 6, 7, 8, 9, 10]","[6, 7, 8, 9]",local,"French haricots verts are thinner and more tender. Beans should snap cleanly — if they bend, they're old.",Refrigerate in a bag. Use within 5 days.
guava,socal-coastal,"[1, 2, 3, 4, 8, 9, 10, 11, 12]","[10, 11, 12]",local,Pink-fleshed varieties are sweeter. Ripe guavas smell powerfully fragrant from across the room.,Ripen at room temp. Refrigerate when ripe — use within 2 days.
guava,sinaloa,"[1, 2, 3, 4, 8, 9, 10, 11, 12]","[1, 10, 11, 12]",import,Pink-fleshed varieties are sweeter. Ripe guavas smell powerfully fragrant from across the room.,Ripen at room temp. Refrigerate when ripe — use within 2 days.
kale,salinas-valley,"[1, 2, 3, 4, 5, 6, 7, 8, 9, 10, 11, 12]","[1, 2, 3, 11, 12]",local,Lacinato (Tuscan) kale is more tender than curly for salads. Frost-kissed winter kale is markedly sweeter.,Refrigerate in a bag with a dry paper towel. Keeps about a week.
kale,central-coast,"[1, 2, 3, 4, 5, 6, 7, 8, 9, 10, 11, 12]","[1, 2, 3, 11, 12]",local,Lacinato (Tuscan) kale is more tender than curly for salads. Frost-kissed winter kale is markedly sweeter.,Refrigerate in a bag with a dry paper towel. Keeps about a week.
kiwi,central-valley,"[1, 2, 3, 4, 5, 10, 11, 12]","[1, 2, 3, 11, 12]",local,CA kiwis come from the Central Valley. Gold kiwi (usually imported) is sweeter with smooth edible skin.,Firm kiwis ripen at room temp in a few days. Refrigerate ripe kiwis for up to 4 weeks.
kiwi,chile-central,"[5, 6, 7, 8, 9, 10]","[6, 7, 8]",import,CA kiwis come from the Central Valley. Gold kiwi (usually imported) is sweeter with smooth edible skin.,Firm kiwis ripen at room temp in a few days. Refrigerate ripe kiwis for up to 4 weeks.
kiwi,new-zealand,"[5, 6, 7, 8, 9, 10]","[6, 7, 8]",import,CA kiwis come from the Central Valley. Gold kiwi (usually imported) is sweeter with smooth edible skin.,Firm kiwis ripen at room temp in a few days. Refrigerate ripe kiwis for up to 4 weeks.
kumquat,central-valley,"[1, 2, 3, 4, 11, 12]","[1, 2, 3]",local,Eat whole — the sweet skin balances the tart flesh. Nagami variety is most common in CA.,"Room temp for a few days, fridge for 2-3 weeks."
leek,central-coast,"[1, 2, 3, 4, 5, 10, 11, 12]","[1, 2, 3, 12]",local,The white and light green parts are what you eat. Split lengthwise and wash thoroughly — sand hides in the layers.,Refrigerate unwashed. Keeps 1-2 weeks.
lemon,ventura-county,"[1, 2, 3, 4, 5, 6, 7, 8, 9, 10, 11, 12]","[1, 2, 3, 4, 5, 12]",local,Eureka lemons dominate CA production. Year-round availability but winter lemons are juicier and more aromatic.,"Room temp for a week, fridge for a month. Zest before juicing to get both."
lemon,socal-coastal,"[1, 2, 3, 4, 5, 6, 7, 8, 9, 10, 11, 12]","[1, 2, 3, 4, 5, 12]",local,Eureka lemons dominate CA production. Year-round availability but winter lemons are juicier and more aromatic.,"Room temp for a week, fridge for a month. Zest before juicing to get both."
meyer-lemon,socal-coastal,"[1, 2, 3, 4, 11, 12]","[1, 2, 3, 12]",local,"A lemon-mandarin hybrid — sweeter, more floral, thinner-skinned. The signature CA citrus. Excellent for baking.","Room temp for a week, fridge for up to a month."
meyer-lemon,central-coast,"[1, 2, 3, 4, 11, 12]","[1, 2, 3, 12]",local,"A lemon-mandarin hybrid — sweeter, more floral, thinner-skinned. The signature CA citrus. Excellent for baking.","Room temp for a week, fridge for up to a month."
lettuce,salinas-valley,"[1, 2, 3, 4, 5, 6, 7, 8, 9, 10, 11, 12]","[3, 4, 5, 6]",local,Salinas Valley is America's Salad Bowl. Peak crispness in cooler months. Summer heat makes lettuce bolt and turn bitter.,Wrap in a damp paper towel and bag. Keeps about a week.
lime,sinaloa,"[1, 2, 3, 4, 5, 6, 7, 8, 9, 10, 11, 12]","[5, 6, 7, 8, 9]",import,"Nearly all US limes are imported from Mexico. Key limes are smaller, more aromatic, with more seeds.","Room temp for a week, fridge for 2-3 weeks. Roll on counter before juicing for maximum yield."
loquat,socal-coastal,"[3, 4, 5, 6]","[4, 5]",local,Often overlooked — grows abundantly in SoCal yards. Flavor is like a tangy apricot-plum. Brief farmers market season.,Very perishable. Eat within 2-3 days. Do not stack — they bruise easily.
lychee,sinaloa,"[5, 6, 7, 8]","[6, 7]",import,"Extremely short fresh season. The bumpy red shell peels easily to reveal translucent, perfumy flesh.",Refrigerate immediately. Keeps about a week. Shell darkens in fridge but fruit inside stays good.
lychee,southeast-asia,"[5, 6, 7, 8]","[6, 7]",import,"Extremely short fresh season. The bumpy red shell peels easily to reveal translucent, perfumy flesh.",Refrigerate immediately. Keeps about a week. Shell darkens in fridge but fruit inside stays good.
mandarin,central-valley,"[1, 2, 3, 4, 5, 11, 12]","[1, 2, 3, 12]",local,"Satsumas arrive first in November, followed by Clementines and Murcotts. CA mandarins are some of the world's best.","Room temp for a week, fridge for 2-3 weeks."
mandarin,socal-coastal,"[1, 2, 3, 4, 5, 11, 12]","[1, 2, 3, 12]",local,"Satsumas arrive first in November, followed by Clementines and Murcotts. CA mandarins are some of the world's best.","Room temp for a week, fridge for 2-3 weeks."
mango,sinaloa,"[1, 2, 3, 4, 5, 6, 7, 8, 9]","[4, 5, 6]",import,"April-June Mexican Ataulfo is dramatically better than any other time/variety. Look for uniformly golden-yellow, slightly wrinkled fruit. Don't judge ripeness by color — judge by squeeze and aroma.",Ripen at room temp. Refrigerate once ripe for 3-5 days.
mango,peru-coast,"[1, 2, 3, 10, 11, 12]","[1, 2, 12]",import,Mexican Ataulfo (honey) mangoes are supremely creamy. Don't judge ripeness by color — judge by squeeze and aroma.,Ripen at room temp. Refrigerate once ripe for 3-5 days.
mango,ecuador,"[1, 2, 3, 10, 11, 12]","[1, 2, 12]",import,Mexican Ataulfo (honey) mangoes are supremely creamy. Don't judge ripeness by color — judge by squeeze and aroma.,Ripen at room temp. Refrigerate once ripe for 3-5 days.
mango,brazil,"[1, 2, 3, 10, 11, 12]","[1, 2, 12]",import,Mexican Ataulfo (honey) mangoes are supremely creamy. Don't judge ripeness by color — judge by squeeze and aroma.,Ripen at room temp. Refrigerate once ripe for 3-5 days.
button-mushroom,central-coast,"[1, 2, 3, 4, 5, 6, 7, 8, 9, 10, 11, 12]","[1, 2, 3, 10, 11, 12]",local,"Cultivated varieties (button, cremini, shiitake) are year-round. Wild chanterelles and porcini appear in fall/winter rains.",Store in a paper bag in the fridge. Never seal in plastic — they get slimy.
navel-orange,central-valley,"[1, 2, 3, 4, 5, 6, 11, 12]","[1, 2, 3, 12]",local,CA's flagship citrus. The navel is actually a conjoined twin orange. Best for eating; Valencia is better for juicing.,"Room temp for a week, fridge for 2-3 weeks."
navel-orange,socal-coastal,"[1, 2, 3, 4, 5, 6, 11, 12]","[1, 2, 3, 12]",local,CA's flagship citrus. The navel is actually a conjoined twin orange. Best for eating; Valencia is better for juicing.,"Room temp for a week, fridge for 2-3 weeks."
valencia-orange,central-valley,"[3, 4, 5, 6, 7, 8, 9, 10]","[5, 6, 7, 8]",local,The juicing orange. Green patches on skin in summer are normal (regreening) and don't affect quality or flavor.,"Room temp for a week, fridge for several weeks."
valencia-orange,socal-coastal,"[3, 4, 5, 6, 7, 8, 9, 10]","[5, 6, 7, 8]",local,The juicing orange. Green patches on skin in summer are normal (regreening) and don't affect quality or flavor.,"Room temp for a week, fridge for several weeks."
nectarine,central-valley,"[6, 7, 8, 9]","[7, 8]",local,"Snow Queen (late Jun) is the sweetest. Fantasia (late Jul) is the reference standard. Independence (mid-Jul) has rich tangy-sweet flavor. Arctic series (white, farmers markets) spans the whole season.",Ripen at room temp stem-end down. Refrigerate once ripe — use within 3 days.
nectarine,chile-central,"[12, 1, 2, 3]",[],import,"Same cold-chain issues as imported peaches. Plums and cherries import better than nectarines.",Ripen at room temp stem-end down. Refrigerate once ripe — use within 3 days.
onion,central-valley,"[1, 2, 3, 4, 5, 6, 7, 8, 9, 10, 11, 12]","[4, 5, 6, 7, 8, 9]",local,Spring onions at farmers markets are milder and sweeter. Stockton Red onions are a CA specialty in late spring.,"Store whole onions in a cool, dry, dark place. Cut onions: wrap tightly and fridge for a few days."
onion,imperial-valley,"[1, 2, 3, 4, 5, 6, 7, 8, 9, 10, 11, 12]","[4, 5, 6, 7, 8, 9]",local,Spring onions at farmers markets are milder and sweeter. Stockton Red onions are a CA specialty in late spring.,"Store whole onions in a cool, dry, dark place. Cut onions: wrap tightly and fridge for a few days."
papaya,sinaloa,"[1, 2, 3, 4, 5, 6, 7, 8, 9, 10, 11, 12]","[3, 4, 5, 6]",import,Maradol (Mexican) papayas are large with salmon-pink flesh. Solo papayas from Hawaii are smaller and sweeter.,Ripen at room temp until skin is mostly yellow and fruit gives slightly. Refrigerate ripe for 2-3 days.
papaya,guatemala,"[1, 2, 3, 4, 5, 6, 7, 8, 9, 10, 11, 12]","[3, 4, 5, 6]",import,Maradol (Mexican) papayas are large with salmon-pink flesh. Solo papayas from Hawaii are smaller and sweeter.,Ripen at room temp until skin is mostly yellow and fruit gives slightly. Refrigerate ripe for 2-3 days.
parsnip,central-coast,"[1, 2, 3, 4, 10, 11, 12]","[1, 2, 11, 12]",local,Needs frost to convert starch to sugar — winter parsnips are dramatically sweeter. Roast to caramelize.,Refrigerate in a bag. Keeps 2-3 weeks.
passion-fruit,socal-coastal,"[1, 2, 3, 4, 5]","[2, 3, 4]",local,"Wrinkled skin means ripe, not old. The more shriveled, the sweeter. Intensely aromatic pulp with edible seeds.",Ripen at room temp until wrinkled. Refrigerate ripe fruit for up to a week.
passion-fruit,costa-rica,"[6, 7, 8, 9, 10, 11, 12]","[7, 8, 9, 10]",import,"Wrinkled skin means ripe, not old. The more shriveled, the sweeter. Intensely aromatic pulp with edible seeds.",Ripen at room temp until wrinkled. Refrigerate ripe fruit for up to a week.
peach,central-valley,"[5, 6, 7, 8, 9]","[7, 8]",local,"Late July-early Aug is peak. O'Henry (early Aug) is the benchmark yellow peach. Elegant Lady (Jul) dominates grocery stores — bred for shipping, not flavor. Suncrest (mid-Jul, farmers market only) is legendary.","Ripen at room temp stem-end down. Once ripe, refrigerate and eat within 3 days."
peach,chile-central,"[12, 1, 2, 3]",[],import,"Chilean peaches suffer from long cold chain + shipping varieties. Generally not worth buying — high mealiness risk.","Ripen at room temp stem-end down. Once ripe, refrigerate and eat within 3 days."
pear,sacramento-valley,"[7, 8, 9, 10, 11, 12]","[8, 9, 10]",local,Pears ripen off the tree — buy firm and ripen at home. Bartlett changes color when ripe; Bosc and Anjou don't.,"Ripen at room temp. Check the neck — when it yields to gentle pressure, it's ready. Refrigerate ripe pears."
pear,central-valley,"[7, 8, 9, 10, 11, 12]","[8, 9, 10]",local,Pears ripen off the tree — buy firm and ripen at home. Bartlett changes color when ripe; Bosc and Anjou don't.,"Ripen at room temp. Check the neck — when it yields to gentle pressure, it's ready. Refrigerate ripe pears."
english-pea,central-coast,"[2, 3, 4, 5, 6]","[3, 4, 5]",local,Sugar snaps are the total package — eat pod and all. English peas need shelling but have the sweetest flavor.,Refrigerate immediately — sugars convert to starch fast. Best eaten same day.
english-pea,salinas-valley,"[2, 3, 4, 5, 6]","[3, 4, 5]",local,Sugar snaps are the total package — eat pod and all. English peas need shelling but have the sweetest flavor.,Refrigerate immediately — sugars convert to starch fast. Best eaten same day.
persimmon,central-valley,"[9, 10, 11, 12]","[10, 11, 12]",local,Fuyu (squat) can be eaten firm like an apple. Hachiya (acorn-shaped) must be fully soft or it's painfully astringent.,Fuyu: room temp until slightly soft. Hachiya: room temp until very soft and jelly-like.
pineapple,costa-rica,"[1, 2, 3, 4, 5, 6, 7, 8, 9, 10, 11, 12]","[3, 4, 5, 6, 7]",import,Year-round from Costa Rica but sweetest spring through summer. Pineapples don't ripen after picking — buy golden and fragrant.,Room temp 1-2 days. Cut pineapple keeps 3-4 days refrigerated in an airtight container.
pineapple,guatemala,"[1, 2, 3, 4, 5, 6, 7, 8, 9, 10, 11, 12]","[3, 4, 5, 6, 7]",import,Year-round from Costa Rica but sweetest spring through summer. Pineapples don't ripen after picking — buy golden and fragrant.,Room temp 1-2 days. Cut pineapple keeps 3-4 days refrigerated in an airtight container.
plum,central-valley,"[6, 7, 8, 9]","[6, 7]",local,"Santa Rosa (mid-Jun) is the iconic CA plum. Satsuma has blood-red flesh. Elephant Heart (late Jul, farmers market) is incredibly sweet but too soft to ship.",Ripen at room temp. Refrigerate once ripe — use within 3-4 days.
plum,chile-central,"[12, 1, 2, 3, 4]","[1, 2]",import,"Chilean plums are more acceptable than imported peaches — plums handle the supply chain better.",Ripen at room temp. Refrigerate once ripe — use within 3-4 days.
pomegranate,central-valley,"[1, 9, 10, 11, 12]","[10, 11, 12]",local,Wonderful variety dominates CA production. Heavier = juicier. Score and break apart in water to avoid staining.,Whole fruit keeps 1-2 months in fridge. Seeds keep a week refrigerated or freeze for months.
pummelo,central-valley,"[1, 2, 3, 11, 12]","[1, 2]",local,The original citrus — grapefruit's ancestor. Milder and sweeter with thick pithy rind. Great in salads.,"Room temp for a week, fridge for 2 weeks."
potato,central-valley,"[1, 2, 3, 4, 5, 6, 7, 8, 9, 10, 11, 12]","[5, 6, 7, 8]",local,"New potatoes (spring) have thin, flaky skin and creamy texture. Year-round from storage but spring digs are special.","Cool, dark, dry place — never refrigerate (converts starch to sugar). Keep away from onions."
pumpkin,central-valley,"[9, 10, 11]",[10],local,Sugar pie pumpkins are for eating — those big jack-o'-lantern pumpkins are watery and flavorless.,"Whole pumpkins keep for months in a cool, dry place."
radicchio,salinas-valley,"[1, 2, 3, 4, 5, 6, 7, 8, 9, 10, 11, 12]","[1, 2, 3, 11, 12]",local,Bitterness mellows dramatically when grilled or roasted. Treviso is the elongated variety — slightly less bitter.,Refrigerate wrapped. Keeps about 2 weeks.
radish,central-valley,"[1, 2, 3, 4, 5, 6, 7, 8, 9, 10, 11, 12]","[3, 4, 5, 6]",local,Quick-growing spring crop. Watermelon radishes have stunning green-to-pink interiors. French breakfast radishes with butter and salt are perfect.,Remove greens. Submerge in water in the fridge for maximum crispness. Keeps 1-2 weeks.
radish,salinas-valley,"[1, 2, 3, 4, 5, 6, 7, 8, 9, 10, 11, 12]","[3, 4, 5, 6]",local,Quick-growing spring crop. Watermelon radishes have stunning green-to-pink interiors. French breakfast radishes with butter and salt are perfect.,Remove greens. Submerge in water in the fridge for maximum crispness. Keeps 1-2 weeks.
raspberry,santa-maria-valley,"[5, 6, 7, 8, 9, 10, 11]","[6, 7, 8, 9]",local,CA coastal climate is ideal. Golden raspberries are milder and sweeter. Inspect containers for mold at the bottom.,Don't wash until eating. Use within 2 days. Single-layer on paper towel in fridge.
raspberry,central-coast,"[5, 6, 7, 8, 9, 10, 11]","[6, 7, 8, 9]",local,CA coastal climate is ideal. Golden raspberries are milder and sweeter. Inspect containers for mold at the bottom.,Don't wash until eating. Use within 2 days. Single-layer on paper towel in fridge.
raspberry,sinaloa,"[1, 2, 3, 4, 11, 12]","[1, 2, 3, 12]",import,CA coastal climate is ideal. Golden raspberries are milder and sweeter. Inspect containers for mold at the bottom.,Don't wash until eating. Use within 2 days. Single-layer on paper towel in fridge.
rhubarb,north-coast,"[1, 2, 3, 4, 5, 6, 7]","[3, 4, 5]",local,Only eat the stalks — leaves are toxic. Field-grown is tart and intense; hothouse is milder. Pairs perfectly with strawberries.,Refrigerate wrapped in a damp towel. Keeps about 2 weeks. Freezes well chopped.
rutabaga,central-valley,"[1, 2, 3, 4, 10, 11, 12]","[1, 2, 11, 12]",local,"Sweeter than turnips, especially after frost. Excellent mashed, roasted, or added to stews.",Refrigerate. Keeps several weeks.
spinach,salinas-valley,"[1, 2, 3, 4, 5, 6, 7, 8, 9, 10, 11, 12]","[3, 4, 5]",local,Year-round in CA but spring spinach is sweeter and more tender. Bolts in summer heat.,Refrigerate in a bag with a paper towel. Use within 5 days.
zucchini,central-valley,"[4, 5, 6, 7, 8, 9, 10]","[5, 6, 7, 8]",local,"Smaller is better — large zucchini are watery and seedy. Blossoms are a delicacy, stuffed and fried.",Refrigerate in a bag. Use within a week.
butternut-squash,central-valley,"[1, 2, 3, 8, 9, 10, 11, 12]","[9, 10, 11, 12]",local,"Butternut, delicata, kabocha, acorn — each has distinct character. Delicata skin is edible. Flavor improves with storage.","Store whole in a cool, dry place for months. Cut squash keeps a week in the fridge."
strawberry,santa-maria-valley,"[1, 2, 3, 4, 5, 6, 7, 8, 9, 10, 11]","[3, 4, 5, 6]",local,CA grows 90% of US strawberries. Available almost year-round but spring berries are a different universe of flavor.,Don't wash until eating. Refrigerate on paper towels. Use within 2-3 days.
strawberry,salinas-valley,"[1, 2, 3, 4, 5, 6, 7, 8, 9, 10, 11]","[3, 4, 5, 6]",local,CA grows 90% of US strawberries. Available almost year-round but spring berries are a different universe of flavor.,Don't wash until eating. Refrigerate on paper towels. Use within 2-3 days.
sunchoke,central-valley,"[1, 2, 3, 10, 11, 12]","[1, 2, 11, 12]",local,"Nutty, slightly sweet, with a crisp water chestnut texture when raw. Roast until caramelized for the best experience.",Refrigerate in a paper bag. Keeps 2-3 weeks.
sweet-potato,central-valley,"[1, 2, 3, 4, 5, 6, 7, 8, 9, 10, 11, 12]","[9, 10, 11, 12]",local,Garnet and Jewel varieties dominate CA. True yams are a different plant entirely — what Americans call yams are sweet potatoes.,"Store in a cool, dark place — never refrigerate raw (damages texture). Keeps several weeks."
tomatillo,central-valley,"[6, 7, 8, 9, 10, 11]","[7, 8, 9]",local,"The papery husk peels off to reveal a sticky, tart fruit essential for salsa verde. Smaller ones tend to be sweeter.","Leave husks on. Room temp for a week, fridge for 2-3 weeks."
tomatillo,sinaloa,"[1, 2, 3, 4, 5, 12]","[1, 2, 3]",import,"The papery husk peels off to reveal a sticky, tart fruit essential for salsa verde. Smaller ones tend to be sweeter.","Leave husks on. Room temp for a week, fridge for 2-3 weeks."
tomato,central-valley,"[5, 6, 7, 8, 9, 10, 11]","[7, 8, 9]",local,Peak CA heirlooms in August are one of the great food experiences. Never refrigerate a tomato — it kills flavor and texture.,"Always room temp, stem-end down. Eat within a few days of ripening."
tomato,sinaloa,"[1, 2, 3, 4, 12]","[1, 2, 3]",import,Peak CA heirlooms in August are one of the great food experiences. Never refrigerate a tomato — it kills flavor and texture.,"Always room temp, stem-end down. Eat within a few days of ripening."
turnip,central-valley,"[1, 2, 3, 4, 5, 10, 11, 12]","[1, 2, 11, 12]",local,"Young turnips are mild and sweet. Hakurei (Japanese) turnips are small, white, and can be eaten raw like radishes.",Remove greens. Refrigerate roots in a bag for 2-3 weeks.
watermelon,central-valley,"[5, 6, 7, 8, 9, 10]","[7, 8, 9]",local,Look for a pronounced yellow ground spot and hollow sound when tapped. Seedless varieties dominate but seeded have more flavor. Imperial Valley starts May.,Whole: room temp. Cut: refrigerate and eat within 3-4 days.
watermelon,imperial-valley,"[5, 6, 7, 8, 9, 10]","[7, 8, 9]",local,Look for a pronounced yellow ground spot and hollow sound when tapped. Seedless varieties dominate but seeded have more flavor. Imperial Valley starts May.,Whole: room temp. Cut: refrigerate and eat within 3-4 days.
cactus-pear,socal-coastal,"[9, 10, 11, 12]","[10, 11]",local,"Vibrant magenta flesh, watermelon-bubblegum flavor. Handle with care — tiny invisible glochids are devilish.",Refrigerate for up to a week. Use tongs or thick gloves when handling.
cactus-pear,sinaloa,"[6, 7, 8, 9, 10, 11, 12]","[8, 9, 10]",import,"Vibrant magenta flesh, watermelon-bubblegum flavor. Handle with care — tiny invisible glochids are devilish.",Refrigerate for up to a week. Use tongs or thick gloves when handling.
tangelo,central-valley,"[1, 2, 3, 11, 12]","[1, 2, 12]",local,"Minneola tangelos have a distinctive knob at the stem. Very juicy, tangy-sweet — a grapefruit-tangerine cross.","Room temp for a week, fridge for 2-3 weeks."
kohlrabi,salinas-valley,"[1, 2, 3, 4, 5, 10, 11, 12]","[1, 2, 3, 11, 12]",local,"Tastes like a mild, sweet broccoli stem. Excellent raw, shredded into slaws, or roasted. Peel the tough outer skin.",Remove leaves. Refrigerate for 2-3 weeks.
romanesco,salinas-valley,"[1, 2, 3, 10, 11, 12]","[1, 11, 12]",local,"Nature's fractal — a psychedelic relative of cauliflower. Nuttier, more delicate flavor. Stunning in presentation.",Refrigerate in a bag. Use within a week.
olive,central-valley,"[9, 10, 11, 12]","[10, 11]",local,Fresh olives are inedible raw — they must be cured. CA olive oil harvest peaks in fall. Mission and Manzanilla are key CA varieties.,"Process immediately if curing. Olive oil: store in dark, cool place."
olive,sacramento-valley,"[9, 10, 11, 12]","[10, 11]",local,Fresh olives are inedible raw — they must be cured. CA olive oil harvest peaks in fall. Mission and Manzanilla are key CA varieties.,"Process immediately if curing. Olive oil: store in dark, cool place."
pluot,central-valley,"[6, 7, 8, 9]","[7, 8]",local,"Flavor King (mid-Aug) is widely considered THE best pluot — sweet, spicy, intensely complex. Dapple Dandy/Dinosaur Egg (mid-Aug to mid-Sep). Flavor Queen (early Jul) is honey-sweet. Pluots typically 2-5 more brix than plums. Created by Zaiger Genetics in Modesto, CA.",Ripen at room temp. Refrigerate once ripe — use within 3 days.
celery-root,central-coast,"[1, 2, 3, 4, 10, 11, 12]","[1, 2, 11, 12]",local,Ugly but delicious — intense celery flavor. Classic in French rémoulade or pureed into soup.,Refrigerate in a bag. Keeps 2-3 weeks.
broccoli-rabe,salinas-valley,"[1, 2, 3, 4, 11, 12]","[1, 2, 3, 12]",local,Not actually broccoli — more related to turnips. Pleasantly bitter. Quick blanch before sautéing tames the bite.,Refrigerate in a damp towel. Use within 3-4 days.
honeydew,central-valley,"[6, 7, 8, 9, 10]","[7, 8, 9]",local,"Often unfairly maligned — a good honeydew is floral and honey-sweet. Should feel slightly waxy, not rock-hard.",Ripen at room temp. Refrigerate once ripe. Cut melon keeps 2-3 days.
honeydew,imperial-valley,"[6, 7, 8, 9, 10]","[7, 8, 9]",local,"Often unfairly maligned — a good honeydew is floral and honey-sweet. Should feel slightly waxy, not rock-hard.",Ripen at room temp. Refrigerate once ripe. Cut melon keeps 2-3 days.
almond,central-valley,"[7, 8, 9, 10]","[8, 9]",local,CA produces 80% of the world's almonds. Fresh green almonds in spring are a brief farmers market delicacy — tart and crunchy.,"Fresh almonds: refrigerate, use within days. Dried: cool, dark place for months."
walnut,central-valley,"[9, 10, 11, 12]","[10, 11]",local,Fresh-harvest walnuts in fall are milder and less bitter than stored. CA grows 99% of US walnuts.,Shell and refrigerate or freeze. In-shell keeps months in a cool place.
walnut,sacramento-valley,"[9, 10, 11, 12]","[10, 11]",local,Fresh-harvest walnuts in fall are milder and less bitter than stored. CA grows 99% of US walnuts.,Shell and refrigerate or freeze. In-shell keeps months in a cool place.
green-garlic,central-coast,"[2, 3, 4, 5]","[3, 4]",local,"Young garlic harvested before the bulb forms. Mild, green-onion-like with a gentle garlic warmth. A spring farmers market treasure.",Refrigerate in a bag. Use within a week.
green-garlic,central-valley,"[2, 3, 4, 5]","[3, 4]",local,"Young garlic harvested before the bulb forms. Mild, green-onion-like with a gentle garlic warmth. A spring farmers market treasure.",Refrigerate in a bag. Use within a week.
cactus-pad,socal-coastal,"[3, 4, 5, 6, 7, 8, 9, 10]","[4, 5, 6]",local,"Tangy, green-bean-like flavor. De-spine, slice, and grill or sauté until the slime cooks off. Essential in Mexican cuisine.",Refrigerate in a bag. Use within a week.
cactus-pad,sinaloa,"[1, 2, 3, 4, 5, 6, 7, 8, 9, 10, 11, 12]","[3, 4, 5]",import,"Tangy, green-bean-like flavor. De-spine, slice, and grill or sauté until the slime cooks off. Essential in Mexican cuisine.",Refrigerate in a bag. Use within a week.
white-peach,central-valley,"[6, 7, 8]","[6, 7]",local,"Babcock (late Jun) is the classic. Snow series and Arctic whites at farmers markets. Sweeter, more floral than yellow. More delicate — buy at farmers markets.","Ripen at room temp, then refrigerate. Eat within 2-3 days of ripening."
donut-peach,central-valley,"[5, 6, 7, 8]","[6, 7]",local,"Galaxy is the main variety. Flat shape, melting texture, very sweet. Increasingly available commercially.","Ripen at room temp, then refrigerate. Eat within 2-3 days of ripening."
sweet-corn,central-valley,"[5, 6, 7, 8, 9, 10, 11]","[7, 8, 9]",local,Sugar converts to starch rapidly after picking. Same-day corn from a farmers market is a completely different food.,"Eat the day you buy it. If you must store, keep in the husk in the fridge — use within 2 days."
snap-pea,salinas-valley,"[2, 3, 4, 5, 6]","[3, 4, 5]",local,"Spring crop is sweeter. Eat pod and all — the snap is the whole point. Best raw or barely cooked.",Refrigerate in a bag. Use within 3-4 days.
snap-pea,salinas-valley,"[9, 10, 11]","[10, 11]",local,"Fall crop, slightly less sweet than spring but still excellent.",Refrigerate in a bag. Use within 3-4 days.
snow-pea,salinas-valley,"[2, 3, 4, 5, 6]","[3, 4, 5]",local,"Flat pods, mild sweet flavor. Essential in stir-fries. De-string before cooking.",Refrigerate in a bag. Use within 3-4 days.
green-onion,salinas-valley,"[1, 2, 3, 4, 5, 6, 7, 8, 9, 10, 11, 12]","[3, 4, 5, 6]",local,"Year-round in CA, peak spring. Both white and green parts are usable. Grilled whole scallions are a revelation.",Wrap in damp paper towel and refrigerate. Use within a week.
yellow-onion,central-valley,"[3, 4, 5, 6, 7, 8, 9, 10]","[6, 7, 8]",local,"The all-purpose cooking onion. Spring harvest is sweeter and juicier, fall storage onions are more pungent.","Store whole in a cool, dry, dark place. Cut onions: wrap tightly and fridge for a few days."
yellow-onion,imperial-valley,"[3, 4, 5, 6, 7, 8, 9, 10]","[6, 7, 8]",local,"Imperial Valley's warm climate produces early-season onions.","Store whole in a cool, dry, dark place. Cut onions: wrap tightly and fridge for a few days."
red-onion,central-valley,"[3, 4, 5, 6, 7, 8, 9, 10]","[6, 7, 8]",local,"Milder than yellow. Best raw in salads and sandwiches. Quick-pickle for tacos.","Store whole in a cool, dry, dark place. Cut onions: wrap tightly and fridge for a few days."
shallot,central-valley,"[6, 7, 8, 9, 10]","[7, 8, 9]",local,"More complex than onion — sweet, slightly garlicky. Essential in vinaigrettes and French cooking.","Store like onions in a cool, dry, dark place. Keeps for months."
napa-cabbage,salinas-valley,"[1, 2, 3, 4, 5, 6, 7, 8, 9, 10, 11, 12]","[10, 11, 12, 1, 2, 3]",local,"Year-round in CA, best in cool months. The go-to for kimchi, dumplings, and Asian soups.",Refrigerate wrapped. Keeps 1-2 weeks.
daikon-radish,salinas-valley,"[10, 11, 12, 1, 2, 3, 4, 5]","[11, 12, 1, 2, 3]",local,"Cool-season crop. Mild, juicy. Grate for condiment, braise, or pickle. Watermelon radishes have stunning interiors.",Refrigerate in a bag. Keeps 2-3 weeks.
acorn-squash,central-valley,"[8, 9, 10, 11, 12]","[9, 10, 11]",local,"Classic fall squash. Dark green skin, orange flesh. Roast halved with butter and brown sugar.",Whole squash keeps for months in a cool dry place. Cut: refrigerate and use within a week.
acorn-squash,sacramento-valley,"[8, 9, 10, 11, 12]","[9, 10, 11]",local,"Classic fall squash. Dark green skin, orange flesh. Flavor improves with a few weeks of curing after harvest.",Whole squash keeps for months in a cool dry place. Cut: refrigerate and use within a week.
delicata-squash,central-valley,"[8, 9, 10, 11, 12]","[9, 10, 11]",local,"The edible-skin squash. Cream-colored with green stripes. Sweet, creamy, no peeling needed.",Whole squash keeps for months in a cool dry place. Cut: refrigerate and use within a week.
kabocha-squash,central-valley,"[8, 9, 10, 11, 12]","[9, 10, 11]",local,"Japanese pumpkin. Dense, dry, intensely sweet flesh — like chestnut. Excellent roasted or in soup.",Whole squash keeps for months in a cool dry place. Cut: refrigerate and use within a week.
okra,central-valley,"[6, 7, 8, 9, 10]","[7, 8, 9]",local,"Smaller pods (under 3 inches) are more tender. High heat cooking (grilling, roasting, frying) reduces sliminess.",Refrigerate in a paper bag. Use within 3 days — deteriorates quickly.
cherry-tomato,central-valley,"[5, 6, 7, 8, 9, 10, 11]","[7, 8, 9]",local,"Sungold is the standout — bursting sweet-tart flavor. Sweeter and more reliable than full-size tomatoes.",Room temp always. Never refrigerate. Use within a few days.
cherry-tomato,socal-coastal,"[5, 6, 7, 8, 9, 10, 11]","[7, 8, 9]",local,"SoCal coastal climate extends the season. Dry-farmed cherry tomatoes have concentrated flavor.",Room temp always. Never refrigerate. Use within a few days.
japanese-eggplant,central-valley,"[5, 6, 7, 8, 9, 10, 11]","[7, 8, 9]",local,"Slender, thin-skinned, fewer seeds than globe. Cooks faster, more tender. Excellent grilled whole.",Room temp if using within 2 days. Refrigerate loosely wrapped for up to a week.
lima-bean,central-valley,"[6, 7, 8, 9, 10]","[7, 8, 9]",local,"Fresh limas are nothing like frozen — buttery, sweet, nutty. Christmas limas have stunning maroon markings.",Refrigerate in pods. Shell just before cooking. Use within a few days.
basil,central-valley,"[4, 5, 6, 7, 8, 9, 10, 11]","[6, 7, 8, 9]",local,"Genovese is the standard for pesto. Thai basil holds up to heat better. Pinch flowers to extend harvest.",Do not refrigerate — cold blackens leaves. Store stems in water on the counter.
basil,salinas-valley,"[4, 5, 6, 7, 8, 9, 10, 11]","[6, 7, 8, 9]",local,"Genovese is the standard for pesto. Thai basil holds up to heat better. Pinch flowers to extend harvest.",Do not refrigerate — cold blackens leaves. Store stems in water on the counter.
cilantro,salinas-valley,"[1, 2, 3, 4, 5, 6, 7, 8, 9, 10, 11, 12]","[3, 4, 5, 6, 10, 11]",local,"Year-round in CA. Cool-season herb — bolts quickly in heat. Fall crop is also excellent. Include stems in cooking — more flavor than leaves.",Wrap in damp paper towel and refrigerate. Use within 5-7 days.
parsley,salinas-valley,"[1, 2, 3, 4, 5, 6, 7, 8, 9, 10, 11, 12]","[3, 4, 5, 6]",local,"Flat-leaf (Italian) has more flavor. Curly is mainly for garnish. Much more than decoration — a key ingredient in chimichurri, tabbouleh, gremolata.",Wrap in damp paper towel and refrigerate. Keeps about a week.
rosemary,central-coast,"[1, 2, 3, 4, 5, 6, 7, 8, 9, 10, 11, 12]","[1, 2, 3, 4, 5, 6, 7, 8, 9, 10, 11, 12]",local,"Truly year-round evergreen perennial. Grows like a weed on the CA coast. Woody stems make excellent skewers for grilling.",Wrap in damp paper towel and refrigerate for 2+ weeks. Dries easily.
thyme,central-coast,"[1, 2, 3, 4, 5, 6, 7, 8, 9, 10, 11, 12]","[5, 6, 7, 8]",local,"Year-round in CA, most aromatic in warm months. Lemon thyme is a distinct variety with citrus notes.",Wrap in damp paper towel and refrigerate. Keeps about 2 weeks.
mint,salinas-valley,"[3, 4, 5, 6, 7, 8, 9, 10, 11]","[5, 6, 7, 8, 9]",local,"Spearmint is milder, peppermint is more intense. Grows aggressively — if you plant it, contain it.",Store stems in water on the counter or wrap in damp paper towel and refrigerate.
dill,salinas-valley,"[3, 4, 5, 6, 7, 8, 9, 10]","[5, 6, 7]",local,"Fern-like fronds with anise-caraway flavor. Essential for pickles, salmon, potato salad. Flowers are edible too.",Wrap in damp paper towel and refrigerate. Use within a week — wilts fast.
oregano,central-coast,"[1, 2, 3, 4, 5, 6, 7, 8, 9, 10, 11, 12]","[6, 7, 8, 9]",local,"Year-round in CA. Mexican oregano is a different plant with a more robust flavor. Dried oregano is often more potent than fresh.",Wrap in damp paper towel and refrigerate. Dries very well.
sage,central-coast,"[1, 2, 3, 4, 5, 6, 7, 8, 9, 10, 11, 12]","[5, 6, 7, 8]",local,"Velvety leaves, earthy-peppery flavor. Essential for brown butter sage pasta and Thanksgiving stuffing.",Wrap in damp paper towel and refrigerate. Use within a week.
shiitake-mushroom,central-valley,"[1, 2, 3, 4, 5, 6, 7, 8, 9, 10, 11, 12]","[1, 2, 3, 4, 5, 6, 7, 8, 9, 10, 11, 12]",local,"Cultivated year-round on supplemented sawdust logs. Rich umami flavor. Remove tough stems before cooking.",Store in a paper bag in the fridge. Never seal in plastic — they get slimy. Use within a week.
oyster-mushroom,central-valley,"[1, 2, 3, 4, 5, 6, 7, 8, 9, 10, 11, 12]","[1, 2, 3, 4, 5, 6, 7, 8, 9, 10, 11, 12]",local,"Fast-growing cultivated variety. Delicate, velvety texture. Excellent seared at high heat until edges crisp.",Store in a paper bag in the fridge. Very perishable — use within 3-4 days.
cremini-mushroom,central-valley,"[1, 2, 3, 4, 5, 6, 7, 8, 9, 10, 11, 12]","[1, 2, 3, 4, 5, 6, 7, 8, 9, 10, 11, 12]",local,"Baby portobello. Cultivated year-round. More flavor than white button mushrooms. Versatile all-purpose mushroom.",Store in a paper bag in the fridge. Never seal in plastic — they get slimy.
portobello-mushroom,central-valley,"[1, 2, 3, 4, 5, 6, 7, 8, 9, 10, 11, 12]","[1, 2, 3, 4, 5, 6, 7, 8, 9, 10, 11, 12]",local,"Mature cremini. Cultivated year-round. Meaty texture makes it a popular burger substitute. Scrape out gills to reduce dark liquid.",Store in a paper bag in the fridge. Use within 5-7 days.
serrano-pepper,central-valley,"[5, 6, 7, 8, 9, 10, 11]","[7, 8, 9]",local,"Hotter than jalapeño, bright flavor. The workhorse chile for fresh salsas. Summer heat produces spicier peppers.",Refrigerate in a paper bag for up to 2 weeks. Freeze whole for long-term storage.
serrano-pepper,socal-coastal,"[5, 6, 7, 8, 9, 10, 11]","[7, 8, 9]",local,"SoCal extends the pepper season. Smaller serranos tend to be hotter.",Refrigerate in a paper bag for up to 2 weeks. Freeze whole for long-term storage.
habanero,socal-coastal,"[6, 7, 8, 9, 10, 11]","[7, 8, 9, 10]",local,"Fruity, floral heat — far more complex than just hot. Orange variety is most common. Scotch bonnet is a close relative.",Handle with gloves. Refrigerate in a paper bag for up to 2 weeks. Freeze for months.
poblano-pepper,central-valley,"[5, 6, 7, 8, 9, 10, 11]","[7, 8, 9]",local,"Mild, rich, and essential for chiles rellenos. When dried, it becomes ancho. Roast and peel for best flavor.",Refrigerate in a paper bag for up to 2 weeks.
anaheim-pepper,central-valley,"[5, 6, 7, 8, 9, 10, 11]","[7, 8, 9]",local,"Mild, versatile chile named after Anaheim, CA. Excellent roasted. Very similar to New Mexico/Hatch chiles.",Refrigerate in a paper bag for up to 2 weeks. Roast and freeze for year-round use.
thai-chile,socal-coastal,"[6, 7, 8, 9, 10, 11]","[7, 8, 9, 10]",local,"Small but extremely hot. Essential in Thai and Southeast Asian cooking. Both red and green are used.",Refrigerate for up to 2 weeks. Dries and freezes well.
chilaca,central-valley,"[7, 8, 9, 10]","[8, 9]",local,"Long, dark green chile. Mild to medium heat. When dried, becomes the pasilla. Used in mole sauces.",Refrigerate in a paper bag. Use within a week.
plantain,guatemala,"[1, 2, 3, 4, 5, 6, 7, 8, 9, 10, 11, 12]",[],import,"Always imported. Cook at all stages: green (starchy, like potato), yellow (sweet), black (very sweet for maduros).",Room temp to ripen. Green plantains keep for weeks. Ripe ones refrigerate for a few days.
plantain,ecuador,"[1, 2, 3, 4, 5, 6, 7, 8, 9, 10, 11, 12]",[],import,"Always imported. No meaningful seasonal quality variation.",Room temp to ripen. Green plantains keep for weeks. Ripe ones refrigerate for a few days.
plantain,colombia,"[1, 2, 3, 4, 5, 6, 7, 8, 9, 10, 11, 12]",[],import,"Always imported. No meaningful seasonal quality variation.",Room temp to ripen. Green plantains keep for weeks. Ripe ones refrigerate for a few days.
coconut,southeast-asia,"[1, 2, 3, 4, 5, 6, 7, 8, 9, 10, 11, 12]",[],import,"Always imported. Young coconuts (white husk) have more water and soft jelly flesh. Brown coconuts have firmer meat.",Whole coconuts keep for months. Once cracked, refrigerate flesh and use within a few days.
coconut,brazil,"[1, 2, 3, 4, 5, 6, 7, 8, 9, 10, 11, 12]",[],import,"Always imported. No meaningful seasonal quality variation.",Whole coconuts keep for months. Once cracked, refrigerate flesh and use within a few days.
ginger-root,china,"[1, 2, 3, 4, 5, 6, 7, 8, 9, 10, 11, 12]",[],import,"Always imported. Look for firm, smooth skin — wrinkles mean old. Young ginger (pink tips) is milder and appears briefly at Asian markets.","Unpeeled in the fridge for weeks. Freeze whole — grate directly from frozen."
ginger-root,india,"[1, 2, 3, 4, 5, 6, 7, 8, 9, 10, 11, 12]",[],import,"Always imported. No meaningful seasonal quality variation.","Unpeeled in the fridge for weeks. Freeze whole — grate directly from frozen."
